{
	"nodenum": 8,
	"dag": [
		[0,0,0,0,0,0,0,0],
		[0,0,0,0,0,0,0,0],
		[1,0,0,0,0,0,0,0],
		[0,1,0,0,0,0,0,0],
		[0,1,0,0,0,0,0,0],
		[0,0,1,1,0,0,0,0],
		[0,0,0,0,0,1,0,0],
		[0,0,0,0,1,1,0,0]
	],
	"CPT": {
		"node1": [1,99],
		"node2": [50,50],
		"node3": [
			[5,95],
			[1,99]
		],
		"node4": [
			[10,90],
			[1,99]
		],
		"node5": [
			[60,40],
			[30,70]
		],
		"node6": [
			[100,0],
			[100,0],
			[100,0],
			[0,100]
		],
		"node7": [
			[98,2],
			[5,95]
		],
		"node8": [
			[90,10],
			[70,30],
			[80,20],
			[10,90]
		]
	},
	"output": {
		"Probability": {
			"node1": [
				[0.9617146137],
				[99.03828539]
			],
			"node2": [
				[60.46661164],
				[39.53338836]
			],
			"node3": [
				[0.04498214538],
				[99.95501785]
			],
			"node4": [
				[0.2452775211],
				[99.75472248]
			],
			"node5": [
				[86.33919828],
				[13.66080172]
			],
			"node6": [
				[0.2877087802],
				[99.71229122]
			],
			"node7": 100,
			"node8": 100
		}
	}
}
